{
	"providers": {
		"awscloudformation": {
			"AuthRoleName": "amplify-maolexsample-dev-212506-authRole",
			"UnauthRoleArn": "arn:aws:iam::181571321432:role/amplify-maolexsample-dev-212506-unauthRole",
			"AuthRoleArn": "arn:aws:iam::181571321432:role/amplify-maolexsample-dev-212506-authRole",
			"Region": "us-west-2",
			"DeploymentBucketName": "amplify-maolexsample-dev-212506-deployment",
			"UnauthRoleName": "amplify-maolexsample-dev-212506-unauthRole",
			"StackName": "amplify-maolexsample-dev-212506",
			"StackId": "arn:aws:cloudformation:us-west-2:181571321432:stack/amplify-maolexsample-dev-212506/d25d6020-d2e5-11ea-8fb1-02bc161bfc0c",
			"AmplifyAppId": "d3rv7l7vtbixva"
		}
	},
	"auth": {
		"cognitod90d2b16": {
			"service": "Cognito",
			"providerPlugin": "awscloudformation",
			"providerMetadata": {
				"s3TemplateURL": "https://s3.amazonaws.com/amplify-maolexsample-dev-212506-deployment/amplify-cfn-templates/auth/cognitod90d2b16-cloudformation-template.yml",
				"logicalId": "authcognitod90d2b16"
			},
			"lastPushTimeStamp": "2020-07-31T04:29:00.766Z",
			"output": {
				"IdentityPoolId": "us-west-2:de1cd379-a24d-49bb-9c70-cebce90354ba",
				"IdentityPoolName": "maolexsample_identitypool_6fd2d5df__dev"
			},
			"lastPushDirHash": "l9Zrcdo0AjtfByyFfW0ID5/iEqI="
		}
	},
	"interactions": {
		"maoLexsample": {
			"service": "Lex",
			"providerPlugin": "awscloudformation",
			"build": true,
			"lastBuildTimeStamp": "2020-07-31T04:27:56.672Z",
			"lastPackageTimeStamp": "2020-07-31T04:27:56.847Z",
			"distZipFilename": "maoLexsample-46663837564f46486444-build.zip",
			"providerMetadata": {
				"s3TemplateURL": "https://s3.amazonaws.com/amplify-maolexsample-dev-212506-deployment/amplify-cfn-templates/interactions/maoLexsample-cloudformation-template.json",
				"logicalId": "interactionsmaoLexsample"
			},
			"lastPushTimeStamp": "2020-07-31T04:29:00.766Z",
			"output": {
				"FunctionArn": "arn:aws:lambda:us-west-2:181571321432:function:maolexsample_cfnlambda_e115afa5-dev",
				"Region": "us-west-2",
				"BotName": "OrderFlowers_dev"
			},
			"lastPushDirHash": "BixG6vfzmfDAg0YGzhB+uGa4B2I="
		}
	}
}