{
    "providers": {
        "awscloudformation": {
            "AuthRoleName": "amplify-maolexsample-dev-212506-authRole",
            "UnauthRoleArn": "arn:aws:iam::181571321432:role/amplify-maolexsample-dev-212506-unauthRole",
            "AuthRoleArn": "arn:aws:iam::181571321432:role/amplify-maolexsample-dev-212506-authRole",
            "Region": "us-west-2",
            "DeploymentBucketName": "amplify-maolexsample-dev-212506-deployment",
            "UnauthRoleName": "amplify-maolexsample-dev-212506-unauthRole",
            "StackName": "amplify-maolexsample-dev-212506",
            "StackId": "arn:aws:cloudformation:us-west-2:181571321432:stack/amplify-maolexsample-dev-212506/d25d6020-d2e5-11ea-8fb1-02bc161bfc0c",
            "AmplifyAppId": "d3rv7l7vtbixva"
        },
        "categories": {
            "auth": {
                "cognitod90d2b16": {}
            }
        }
    },
    "auth": {
        "cognitod90d2b16": {
            "service": "Cognito",
            "providerPlugin": "awscloudformation",
            "output": {
                "IdentityPoolId": "us-west-2:de1cd379-a24d-49bb-9c70-cebce90354ba",
                "IdentityPoolName": "maolexsample_identitypool_6fd2d5df__dev"
            },
            "lastPushTimeStamp": "2020-08-02T19:23:34.832Z",
            "providerMetadata": {
                "s3TemplateURL": "https://s3.amazonaws.com/amplify-maolexsample-dev-212506-deployment/amplify-cfn-templates/auth/cognitod90d2b16-cloudformation-template.yml",
                "logicalId": "authcognitod90d2b16"
            }
        }
    },
    "interactions": {
        "maoLexsample": {
            "service": "Lex",
            "providerPlugin": "awscloudformation",
            "build": true,
            "output": {
                "FunctionArn": "arn:aws:lambda:us-west-2:181571321432:function:maolexsample_cfnlambda_e115afa5-dev",
                "Region": "us-west-2",
                "BotName": "OrderFlowers_dev"
            },
            "lastPushTimeStamp": "2020-08-02T19:23:34.842Z",
            "providerMetadata": {
                "s3TemplateURL": "https://s3.amazonaws.com/amplify-maolexsample-dev-212506-deployment/amplify-cfn-templates/interactions/maoLexsample-cloudformation-template.json",
                "logicalId": "interactionsmaoLexsample"
            }
        }
    }
}